2019-12-12,14:01,Республика Башкортостан,Учалы,{8}
2020-10-25,07:24,Севастополь,Инкерман,"{8,6}"
2018-04-01,10:17,Костромская область,Кострома,"{2,3,4}"
2018-01-23,12:47,Калининградская область,Неман,{10}
2018-12-02,14:31,Алтайский край,Алейск,"{6,3,1}"
2019-05-20,21:18,Республика Татарстан,Мамадыш,"{5,1,4}"
2018-07-03,13:06,Республика Коми,Печора,"{5,8,3}"
2020-09-30,09:22,Республика Бурятия,Бабушкин,"{5,7}"
2020-12-16,08:16,Республика Калмыкия,Элиста,"{2,5,3}"
2020-04-22,14:22,Новосибирская область,Куйбышев,"{6,2,5}"
2020-11-07,01:48,Ямало-Ненецкий АО,Муравленко,"{7,3,8}"
2020-05-03,19:30,Иркутская область,Усть-Илимск,{9}
2020-09-30,08:21,Новосибирская область,Татарск,"{10,6}"
2019-11-27,09:03,Ярославская область,Любим,{7}
2018-01-04,04:29,Республика Башкортостан,Нефтекамск,"{5,6}"
2018-09-20,17:41,Орловская область,Болхов,{10}
2020-08-10,09:41,Курская область,Курчатов,"{9,7,4}"
2018-07-26,12:14,Красноярский край,Иланский,"{4,3}"
2018-04-09,21:27,Калининградская область,Черняховск,{3}
2019-03-16,05:13,Алтайский край,Камень-на-Оби,"{8,7}"
2019-04-12,17:28,Вологодская область,Устюжна,"{8,7,9}"
2018-10-10,01:35,Рязанская область,Спас-Клепики,"{1,2}"
2018-02-19,11:05,Белгородская область,Валуйки,"{1,7}"
2019-05-07,05:28,Омская область,Называевск,"{7,2}"
2018-09-05,05:38,Новгородская область,Пестово,"{1,4,5}"
2018-08-18,22:34,Новосибирская область,Татарск,"{6,4,5}"
2019-11-22,00:32,Республика Калмыкия,Элиста,"{10,7,8}"
2020-12-19,22:48,Еврейская АО,Облучье,{6}
2019-05-18,15:58,Краснодарский край,Тихорецк,{3}
2018-05-18,20:46,Республика Чечня,Аргун,{9}
2019-09-11,03:09,Ивановская область,Гаврилов Посад,"{10,9,3}"
2019-12-02,20:45,Республика Бурятия,Северобайкальск,"{3,9}"
2019-07-18,00:43,Республика Марий Эл,Козьмодемьянск,"{8,7,5}"
2019-02-15,14:52,Карачаево-Черкесия,Черкесск,"{1,8,9}"
2020-11-22,03:16,Тверская область,Тверь,{8}
2018-07-30,22:23,Краснодарский край,Белореченск,"{7,1}"
2018-07-10,21:27,Республика Коми,Емва,"{3,8}"
2019-12-01,01:46,Московская область,Королёв,"{10,4,6}"
2018-01-23,22:57,Ненецкий АО,Нарьян-Мар,"{5,4,10}"
2018-12-22,13:43,Ленинградская область,Отрадное,{5}
2020-10-03,09:15,Краснодарский край,Сочи,{1}
2020-11-06,15:35,Москва,Щербинка,"{1,6}"
2019-02-25,12:50,Республика Марий Эл,Волжск,"{5,1}"
2018-03-06,19:30,Республика Коми,Микунь,"{2,6,1}"
2020-01-05,12:18,Приморский край,Дальнереченск,{5}
2020-07-22,23:57,Мурманская область,Мончегорск,{10}
2019-01-14,11:54,Тюменская область,Тюмень,"{10,5}"
2019-07-02,10:07,Республика Тыва,Шагонар,"{5,7}"
2019-06-23,02:08,Санкт-Петербург,Ломоносов,"{5,6,3}"
2018-02-05,19:31,Ленинградская область,Гатчина,"{3,5}"
2018-11-23,17:21,Забайкальский край,Шилка,"{3,1}"
2020-02-23,19:16,Костромская область,Чухлома,"{5,2}"
2020-06-09,12:33,Нижегородская область,Первомайск,"{3,4}"
2019-07-22,03:21,Красноярский край,Дивногорск,"{10,3}"
2020-03-10,03:13,Ульяновская область,Димитровград,"{4,6}"
2020-03-21,10:22,Республика Алтай,Горно-Алтайск,"{9,3}"
2019-07-07,11:00,Республика Татарстан,Иннополис,"{8,4,5}"
2018-06-14,07:29,Омская область,Тюкалинск,"{4,1}"
2019-01-27,19:23,Тамбовская область,Жердевка,"{4,8,5}"
2018-05-20,10:16,Курская область,Дмитриев,"{10,9}"
2020-02-17,17:54,Санкт-Петербург,Ломоносов,"{4,6}"
2019-05-26,19:08,Республика Северная Осетия - Алания,Беслан,{7}
2020-09-24,23:31,Республика Карелия,Лахденпохья,"{6,9}"
2020-06-08,10:54,Челябинская область,Челябинск,{6}
2020-02-04,11:36,Амурская область,Свободный,{4}
2020-10-11,10:40,Амурская область,Сковородино,{7}
2018-11-11,21:01,Республика Бурятия,Улан-Удэ,"{4,3,10}"
2018-12-28,04:47,Брянская область,Почеп,{1}
2020-04-22,23:58,Москва,Московский,{4}
2019-01-13,08:34,Брянская область,Трубчевск,"{8,4,1}"
2019-12-06,14:10,Санкт-Петербург,Колпино,{6}
2019-11-15,02:45,Чувашская Республика,Ядрин,"{6,5,7}"
2019-08-08,06:42,Иркутская область,Ангарск,"{5,8}"
2020-08-22,19:57,Самарская область,Самара,"{8,9}"
2019-06-29,17:48,Орловская область,Дмитровск,"{7,2}"
2018-12-29,17:00,Ямало-Ненецкий АО,Лабытнанги,{1}
2020-09-23,21:36,Республика Марий Эл,Козьмодемьянск,{4}
2020-05-12,14:43,Еврейская АО,Облучье,{9}
2018-09-14,11:02,Новгородская область,Старая Русса,{2}
2019-08-15,03:54,Республика Саха (Якутия),Нерюнгри,"{1,3}"
2020-09-01,20:56,Республика Марий Эл,Козьмодемьянск,"{3,9,7}"
2020-04-14,07:53,Пензенская область,Каменка,"{7,4,6}"
2018-07-25,22:54,Приморский край,Партизанск,"{6,5,7}"
2018-11-08,15:59,Республика Коми,Воркута,{3}
2019-05-08,03:59,Мурманская область,Североморск,"{3,6,5}"
2019-03-05,13:35,Сахалинская область,Макаров,{10}
2018-12-21,12:17,Астраханская область,Нариманов,{9}
2020-11-24,14:48,Республика Коми,Печора,"{3,4}"
2020-11-02,10:17,Республика Крым,Ялта,"{10,1}"
2019-02-06,00:33,Свердловская область,Нижняя Салда,"{5,8,7}"
2019-10-25,05:53,Архангельская область,Вельск,"{3,10}"
2019-11-30,09:50,Пермский край,Красновишерск,{2}
2020-01-08,10:47,Мурманская область,Гаджиево,"{10,6,4}"
2020-01-05,00:18,Рязанская область,Спасск-Рязанский,{1}
2019-12-26,06:35,Ивановская область,Заволжск,{4}
2020-03-04,08:49,Удмуртская Республика,Можга,"{6,7,5}"
2019-10-28,08:08,Курская область,Курск,{6}
2020-09-15,11:57,Республика Коми,Усинск,{7}
2018-01-07,11:18,Магаданская область,Магадан,{4}
2019-05-07,04:41,Магаданская область,Магадан,{1}
2019-09-08,19:57,Омская область,Омск,"{10,9}"
2018-04-05,02:29,Калужская область,Белоусово,"{10,3,4}"
2019-04-29,03:26,Чувашская Республика,Алатырь,"{6,1}"
2018-06-14,17:15,Республика Саха (Якутия),Верхоянск,{7}
2019-06-08,18:34,Смоленская область,Ярцево,"{6,10}"
2019-03-18,02:10,Мурманская область,Ковдор,"{2,5,6}"
2018-02-17,06:10,Республика Саха (Якутия),Ленск,"{4,2,8}"
2019-02-25,20:39,Сахалинская область,Анива,"{10,6}"
2018-09-19,20:37,Курская область,Фатеж,"{7,1,5}"
2020-11-12,00:23,Новосибирская область,Болотное,"{4,6,8}"
2018-05-05,05:20,Тюменская область,Ялуторовск,"{5,3}"
2020-10-09,15:46,Магаданская область,Сусуман,{2}
2020-06-09,17:06,Ивановская область,Фурманов,"{4,3}"
2019-07-30,12:56,Приморский край,Арсеньев,{3}
2020-05-19,16:53,Оренбургская область,Медногорск,"{6,3}"
2019-10-12,20:50,Москва,Москва,{3}
2020-11-04,11:35,Республика Хакасия,Абаза,"{8,9,6}"
2019-05-24,03:45,Свердловская область,Нижняя Салда,"{3,1,7}"
2020-11-22,22:01,Приморский край,Уссурийск,{8}
2018-04-24,09:05,Ярославская область,Пошехонье,"{1,3}"
2019-01-26,11:31,Свердловская область,Екатеринбург,"{4,3,7}"
2019-10-30,06:34,Республика Крым,Джанкой,"{4,10,7}"
2019-06-26,15:03,Москва,Щербинка,"{7,9,5}"
2018-11-28,14:50,Республика Дагестан,Хасавюрт,"{1,3,2}"
2018-07-20,16:51,Республика Чечня,Гудермес,"{10,5,9}"
2018-09-09,00:58,Самарская область,Самара,"{10,3,9}"
2020-12-31,14:47,Иркутская область,Вихоревка,{8}
2020-10-06,22:47,Ханты-Мансийский АО,Лянтор,"{3,7,9}"
2020-10-09,21:52,Орловская область,Дмитровск,"{6,9,8}"
2018-12-08,19:10,Ставропольский край,Ставрополь,"{2,6,7}"
2019-03-15,21:42,Белгородская область,Новый Оскол,"{4,1,8}"
2020-10-26,04:56,Республика Дагестан,Республика Дагестанские Огни,"{3,5,2}"
2019-09-27,02:59,Брянская область,Севск,"{5,8}"
2018-07-10,20:08,Кировская область,Луза,"{10,2}"
2018-03-10,19:33,Удмуртская Республика,Можга,{1}
2019-08-20,09:23,Московская область,Истра,"{6,4}"
2019-12-03,04:46,Амурская область,Шимановск,"{2,3,10}"
2018-09-11,03:20,Забайкальский край,Хилок,{3}
2019-01-11,23:15,Республика Дагестан,Республика Дагестанские Огни,"{1,10}"
2018-01-14,21:03,Брянская область,Унеча,"{9,3,4}"
2018-07-22,23:04,Калининградская область,Зеленоградск,"{8,2,3}"
2019-01-18,14:12,Архангельская область,Мирный,"{10,3,1}"
2020-01-01,10:04,Калининградская область,Светлогорск,{1}
2020-06-16,12:54,Свердловская область,Камышлов,"{6,3}"
2020-12-26,22:23,Оренбургская область,Гай,"{5,2,7}"
2018-01-02,01:53,Республика Калмыкия,Городовиковск,"{9,1,5}"
2018-07-21,14:13,Иркутская область,Киренск,"{1,9}"
2020-12-25,02:09,Курганская область,Шадринск,"{6,9,1}"
2020-04-15,23:17,Орловская область,Орёл,"{4,1}"
2018-06-11,13:15,Владимирская область,Гусь-Хрустальный,{4}
2020-02-11,09:26,Кемеровская область,Калтан,"{7,8,5}"
2020-01-06,21:33,Ямало-Ненецкий АО,Лабытнанги,"{1,10}"
2018-01-14,00:43,Воронежская область,Россошь,{10}
2018-08-05,17:00,Тамбовская область,Мичуринск,"{10,7}"
2020-08-09,09:17,Калининградская область,Балтийск,"{8,6,2}"
2020-07-08,01:11,Амурская область,Шимановск,"{8,10,4}"
2019-10-26,14:17,Краснодарский край,Белореченск,"{6,7,1}"
2018-11-15,17:29,Архангельская область,Котлас,"{3,4}"
2019-05-12,15:35,Костромская область,Нея,"{9,4,8}"
2019-05-26,10:20,Ямало-Ненецкий АО,Новый Уренгой,{3}
2020-03-02,20:45,Воронежская область,Острогожск,"{4,1}"
2020-02-14,14:40,Калужская область,Белоусово,"{5,9,6}"
2018-11-10,07:36,Алтайский край,Белокуриха,"{4,1,8}"
2019-11-11,08:57,Республика Коми,Воркута,{5}
2018-05-17,19:49,Калужская область,Людиново,"{10,4}"
2018-05-26,05:28,Вологодская область,Кадников,"{8,3,4}"
2019-11-17,22:56,Свердловская область,Кировград,"{6,10}"
2019-05-31,10:04,Республика Игушетия,Карабулак,{8}
2020-04-28,13:45,Москва,Московский,{7}
2018-05-21,01:59,Владимирская область,Костерёво,"{8,5}"
2019-03-12,19:20,Омская область,Исилькуль,"{1,8}"
2018-04-11,13:13,Красноярский край,Назарово,"{3,1}"
2019-11-05,05:47,Ивановская область,Кохма,"{1,4}"
2018-01-30,06:39,Республика Бурятия,Бабушкин,{1}
2020-08-17,04:57,Республика Марий Эл,Волжск,"{2,1,5}"
2019-09-10,23:33,Владимирская область,Радужный,{4}
2020-04-05,02:22,Псковская область,Порхов,"{6,3}"
2018-02-11,16:57,Свердловская область,Красноуфимск,{10}
2019-10-18,15:36,Пензенская область,Сурск,"{8,6,7}"
2019-06-27,06:35,Ханты-Мансийский АО,Югорск,"{10,1}"
2018-07-28,22:39,Иркутская область,Черемхово,"{3,7,1}"
2020-12-17,10:38,Ярославская область,Тутаев,"{2,7,9}"
2020-12-08,09:57,Санкт-Петербург,Зеленогорск,"{10,2,5}"
2019-06-19,00:53,Калининградская область,Зеленоградск,{5}
2020-11-12,01:29,Республика Татарстан,Альметьевск,"{9,10}"
2020-12-12,10:38,Костромская область,Кострома,"{10,5,1}"
2020-12-04,00:07,Курганская область,Петухово,"{4,5}"
2020-11-02,19:04,Вологодская область,Великий Устюг,"{5,10,3}"
2018-08-28,17:21,Магаданская область,Магадан,{9}
2019-01-04,15:33,Республика Саха (Якутия),Ленск,"{1,8,3}"
2019-10-03,07:17,Ярославская область,Рыбинск,"{7,5}"
2018-04-22,03:02,Оренбургская область,Медногорск,"{5,2,8}"
2019-03-22,17:12,Псковская область,Дно,"{5,1,7}"
2019-03-16,10:24,Приморский край,Арсеньев,"{7,9,5}"
2019-02-14,03:32,Республика Саха (Якутия),Вилюйск,"{5,2}"
2019-06-11,06:48,Томская область,Кедровый,{5}
2018-12-17,23:46,Забайкальский край,Шилка,"{4,7}"
2020-03-29,23:50,Краснодарский край,Горячий Ключ,"{9,1,4}"
2019-06-18,08:07,Республика Крым,Джанкой,{4}
2019-12-11,14:36,Пермский край,Александровск,{10}
2018-04-16,08:59,Воронежская область,Новохопёрск,"{2,4}"
2020-07-18,05:47,Саратовская область,Балаково,"{8,2}"
2018-10-02,07:09,Ярославская область,Данилов,{8}
2020-05-12,11:40,Ярославская область,Ярославль,{6}
2018-01-27,15:45,Ненецкий АО,Нарьян-Мар,{10}
2018-08-09,03:29,Тверская область,Удомля,"{3,2,6}"
2019-10-15,03:39,Смоленская область,Дорогобуж,"{7,5,6}"
2020-07-11,18:44,Вологодская область,Кадников,{3}
2020-08-10,10:11,Ханты-Мансийский АО,Сургут,"{2,5,9}"
2020-03-01,00:56,Севастополь,Инкерман,"{7,2}"
2018-06-10,16:35,Калининградская область,Правдинск,"{1,8}"
2020-09-02,01:50,Республика Крым,Симферополь,"{6,1,7}"
2019-03-24,16:09,Калининградская область,Гурьевск,"{6,8,1}"
2020-11-22,05:15,Кемеровская область,Топки,{8}
2018-12-28,18:35,Республика Чечня,Урус-Мартан,{6}
2018-01-05,13:46,Республика Северная Осетия - Алания,Ардон,"{2,10}"
2018-05-05,18:49,Красноярский край,Дудинка,"{2,5,6}"
2018-08-27,21:37,Владимирская область,Камешково,{4}
2020-10-12,02:08,Нижегородская область,Кулебаки,"{3,9}"
2018-04-08,19:43,Краснодарский край,Хадыженск,{5}
2020-05-26,05:38,Томская область,Асино,"{6,4,10}"
2018-12-17,15:09,Республика Саха (Якутия),Вилюйск,{3}
2019-04-21,19:39,Республика Дагестан,Махачкала,{8}
2020-02-03,22:51,Республика Адыгея,Майкоп,{4}
2019-07-09,16:47,Липецкая область,Грязи,"{6,7}"
2019-09-26,15:51,Московская область,Красноармейск,"{7,10,2}"
2018-06-21,01:38,Камчатский край,Елизово,"{1,6}"
2020-03-15,10:01,Республика Крым,Судак,"{2,1}"
2019-02-16,07:10,Псковская область,Остров,"{7,8,10}"
2020-11-24,17:52,Удмуртская Республика,Воткинск,"{8,10}"
2018-04-25,00:20,Республика Тыва,Кызыл,"{3,8,2}"
2018-12-16,04:55,Смоленская область,Вязьма,{1}
2018-10-17,06:52,Ненецкий АО,Нарьян-Мар,"{2,9}"
2018-07-25,05:26,Республика Тыва,Туран,{10}
2020-07-01,18:38,Омская область,Называевск,"{9,1,4}"
2020-12-14,06:07,Хабаровский край,Амурск,"{4,9,5}"
2018-05-04,14:00,Магаданская область,Магадан,"{10,5}"
2019-05-29,01:03,Республика Чечня,Гудермес,"{10,9,2}"
2019-10-05,00:42,Хабаровский край,Амурск,"{9,7}"
2018-01-14,15:13,Алтайский край,Горняк,"{5,8,3}"
2019-06-15,21:14,Архангельская область,Вельск,{5}
2020-08-04,00:22,Челябинская область,Чебаркуль,{5}
2020-07-09,02:42,Республика Крым,Симферополь,"{3,1}"
2020-03-23,02:31,Магаданская область,Сусуман,"{9,8}"
2018-04-02,13:03,Нижегородская область,Саров,"{5,2,4}"
2018-04-26,03:01,Ленинградская область,Приозерск,{5}
2020-11-05,23:54,Республика Мордовия,Саранск,"{9,8}"
2019-01-20,20:34,Псковская область,Порхов,"{2,8}"
2018-07-21,02:48,Калужская область,Людиново,"{10,1,3}"
2020-10-19,09:09,Санкт-Петербург,Сестрорецк,"{10,9,6}"
2019-03-23,04:27,Смоленская область,Сычёвка,"{5,2}"
2020-09-19,23:41,Тульская область,Алексин,"{3,5,8}"
2020-02-27,12:06,Ярославская область,Любим,"{10,8,3}"
2020-07-10,20:43,Ростовская область,Шахты,"{6,3,9}"
2020-06-19,06:08,Республика Калмыкия,Городовиковск,"{4,3}"
2019-10-07,05:24,Липецкая область,Чаплыгин,{6}
2018-05-03,20:51,Брянская область,Унеча,"{6,4}"
2019-11-11,23:59,Чувашская Республика,Алатырь,{4}
2018-02-04,05:47,Тамбовская область,Жердевка,{4}
2020-02-16,09:28,Вологодская область,Великий Устюг,"{4,10,3}"
2018-02-08,08:01,Иркутская область,Алзамай,"{9,2}"
2019-11-19,11:24,Кировская область,Киров,{2}
2019-07-26,19:26,Кировская область,Вятские Поляны,"{3,6,4}"
2019-09-25,06:37,Ленинградская область,Гатчина,"{6,1}"
2019-04-30,04:08,Архангельская область,Архангельск,"{7,9}"
2018-01-12,13:59,Чукотский АО,Анадырь,{2}
2019-06-05,08:18,Республика Северная Осетия - Алания,Ардон,"{9,1}"
2020-01-23,12:59,Чукотский АО,Анадырь,"{10,5,4}"
2019-05-20,11:22,Тюменская область,Ялуторовск,{6}
2020-03-16,13:28,Хабаровский край,Амурск,"{9,1,10}"
2019-08-04,09:50,Республика Марий Эл,Звенигово,"{9,6}"
2018-12-25,00:38,Красноярский край,Назарово,"{2,9}"
2020-08-28,17:32,Тамбовская область,Моршанск,{3}
2020-03-22,10:36,Рязанская область,Михайлов,"{1,10,5}"
2019-10-06,02:02,Омская область,Омск,{6}
2019-08-22,23:56,Ханты-Мансийский АО,Советский,"{10,5}"
2020-01-31,01:01,Московская область,Раменское,"{10,4}"
2019-05-03,19:42,Астраханская область,Астрахань,"{2,5,1}"
2019-09-21,18:08,Санкт-Петербург,Павловск,"{8,9,10}"
2020-03-25,09:40,Республика Карелия,Олонец,"{1,6,10}"
2019-01-30,19:25,Республика Башкортостан,Межгорье,{8}
2020-09-16,15:26,Новгородская область,Сольцы,{3}
2018-10-17,11:29,Новосибирская область,Татарск,"{2,7}"
2020-04-18,08:33,Белгородская область,Губкин,"{10,7}"
2019-04-07,04:52,Алтайский край,Алейск,{3}
2018-09-03,11:13,Мурманская область,Ковдор,{2}
2019-06-19,15:25,Смоленская область,Ельня,{4}
2018-09-24,20:27,Республика Марий Эл,Йошкар-Ола,{9}
2020-07-13,17:29,Амурская область,Тында,"{4,1}"
2018-03-22,20:13,Самарская область,Сызрань,"{6,9}"
2019-07-12,08:18,Республика Коми,Инта,{1}
2018-04-04,21:27,Ханты-Мансийский АО,Югорск,{6}
2018-07-15,23:04,Республика Хакасия,Сорск,"{2,6,3}"
2019-12-30,16:57,Краснодарский край,Новороссийск,"{2,3,7}"
2019-01-06,07:38,Самарская область,Новокуйбышевск,"{5,1,10}"
2018-04-07,04:31,Омская область,Называевск,"{3,2,5}"
2019-04-08,09:58,Еврейская АО,Биробиджан,{9}
2018-11-02,14:45,Хабаровский край,Амурск,"{2,7,4}"
2020-08-16,02:07,Брянская область,Брянск,"{4,5}"
2019-06-30,15:05,Республика Коми,Воркута,"{6,5}"
2019-03-20,14:09,Республика Крым,Красноперекопск,{3}
2018-12-08,05:19,Севастополь,Севастополь,{2}
2018-08-09,05:38,Сахалинская область,Томари,"{4,5}"
2019-01-10,08:32,Забайкальский край,Нерчинск,{7}
2020-07-29,02:39,Ростовская область,Пролетарск,"{7,9}"
2018-01-29,09:32,Алтайский край,Славгород,{2}
2018-05-05,14:12,Томская область,Северск,"{1,10,5}"
2018-05-01,00:00,Пермский край,Оханск,"{2,7,6}"
2019-09-28,19:16,Челябинская область,Сатка,{4}
2020-03-07,11:30,Республика Чечня,Урус-Мартан,{1}
2018-07-15,20:21,Удмуртская Республика,Воткинск,"{6,8}"
2018-02-21,01:56,Республика Татарстан,Мамадыш,"{1,8}"
2019-05-22,16:02,Владимирская область,Владимир,"{7,5}"
2020-06-14,05:37,Республика Коми,Усинск,"{5,7}"
2019-01-23,07:47,Республика Чечня,Аргун,"{8,10,4}"
2020-06-23,09:46,Ханты-Мансийский АО,Лянтор,{7}
2018-10-30,06:43,Курганская область,Далматово,"{6,10,1}"
2019-03-27,14:05,Омская область,Омск,"{1,10,5}"
2019-04-23,02:03,Архангельская область,Каргополь,"{9,8}"
2018-07-15,05:06,Республика Саха (Якутия),Якутск,"{6,10}"
2019-08-11,23:00,Костромская область,Нея,"{5,1}"
2020-08-09,05:02,Курская область,Железногорск,"{6,8,10}"
2018-10-09,10:09,Новгородская область,Сольцы,{8}
2020-08-25,01:54,Тюменская область,Тюмень,"{7,10,4}"
2018-06-01,03:12,Белгородская область,Алексеевка,{7}
2018-07-21,10:34,Севастополь,Инкерман,"{2,5,1}"
2018-07-28,04:55,Ростовская область,Морозовск,"{8,10,6}"
2020-03-09,18:10,Пензенская область,Спасск,"{2,9,7}"
2019-10-13,23:47,Москва,Москва,"{6,8}"
2019-08-05,12:12,Липецкая область,Грязи,"{8,10,7}"
2019-01-28,17:59,Ростовская область,Батайск,{1}
2018-03-29,14:39,Курская область,Дмитриев,"{5,7}"
2018-04-05,19:20,Республика Башкортостан,Белорецк,{7}
2019-05-06,05:03,Республика Игушетия,Магас,"{5,9,10}"
2020-08-23,10:48,Республика Саха (Якутия),Томмот,{4}
2020-11-03,09:23,Сахалинская область,Южно-Сахалинск,"{8,1}"
2019-08-25,12:14,Забайкальский край,Балей,"{4,10}"
2020-03-01,05:42,Республика Бурятия,Бабушкин,"{9,6,7}"
2018-02-05,01:14,Хабаровский край,Комсомольск-на-Амуре,"{1,2,3}"
2019-02-16,15:50,Амурская область,Шимановск,{4}
2020-03-10,02:33,Республика Бурятия,Кяхта,"{1,2}"
2019-10-19,16:19,Псковская область,Невель,"{7,10,1}"
2020-04-10,09:42,Еврейская АО,Облучье,{1}
2018-12-25,23:25,Омская область,Называевск,{7}
2020-02-11,19:15,Ульяновская область,Сенгилей,{9}
2018-06-08,10:19,Курганская область,Макушино,"{1,7}"
2019-11-22,10:16,Республика Мордовия,Рузаевка,"{5,8}"
2018-04-09,02:43,Москва,Московский,"{10,3,1}"
2018-04-02,22:40,Пермский край,Кудымкар,"{6,1}"
2018-08-16,17:25,Республика Марий Эл,Звенигово,{10}
2020-06-24,04:17,Камчатский край,Елизово,"{4,1}"
2020-12-22,23:48,Челябинская область,Озёрск,"{4,8,3}"
2019-12-06,01:26,Ненецкий АО,Нарьян-Мар,{2}
2019-03-09,17:57,Курганская область,Курган,{2}
2018-07-26,03:06,Республика Калмыкия,Городовиковск,"{7,10}"
2018-08-05,12:21,Челябинская область,Сим,"{10,4,7}"
2019-08-01,14:57,Ленинградская область,Гатчина,"{3,6}"
2020-08-06,18:26,Саратовская область,Красноармейск,"{9,5,4}"
2019-02-06,01:58,Архангельская область,Архангельск,"{6,5,4}"
2020-05-10,05:45,Курская область,Железногорск,"{3,9}"
2018-02-26,08:10,Вологодская область,Вологда,"{4,1,2}"
2020-04-03,08:37,Камчатский край,Елизово,{2}
2018-08-27,05:37,Чукотский АО,Билибино,"{10,1,2}"
2020-03-25,17:32,Карачаево-Черкесия,Карачаевск,"{8,9,4}"
2019-07-31,19:42,Кемеровская область,Осинники,"{1,5}"
2020-05-18,00:13,Амурская область,Завитинск,"{4,5,6}"
2019-06-02,11:28,Санкт-Петербург,Пушкин,"{6,4}"
2018-04-26,13:45,Республика Крым,Феодосия,{8}
2019-10-20,11:59,Чувашская Республика,Цивильск,"{7,3}"
2019-11-01,16:53,Республика Дагестан,Буйнакск,{4}
2018-06-15,22:25,Новгородская область,Валдай,"{4,1,10}"
2020-05-03,14:33,Ставропольский край,Ессентуки,"{5,1}"
2020-01-29,09:06,Республика Хакасия,Абакан,"{8,9}"
2019-05-19,20:08,Свердловская область,Ревда,"{4,10}"
2020-07-15,07:18,Республика Тыва,Ак-Довурак,"{6,1}"
2018-01-20,17:53,Красноярский край,Кодинск,"{10,6}"
2020-10-23,13:52,Кировская область,Яранск,"{1,8}"
2018-11-25,21:48,Рязанская область,Ряжск,"{5,8}"
2020-11-22,00:31,Калужская область,Белоусово,"{8,2}"
2018-12-05,23:29,Севастополь,Севастополь,"{2,6}"
2018-11-14,23:36,Удмуртская Республика,Глазов,"{9,1}"
2018-02-11,09:57,Смоленская область,Рославль,"{6,5}"
2018-12-30,12:04,Брянская область,Карачев,"{10,7,9}"
2019-10-17,14:06,Республика Адыгея,Майкоп,{4}
2018-08-07,18:14,Иркутская область,Вихоревка,"{8,1,7}"
2018-05-11,04:47,Республика Адыгея,Адыгейск,{6}
2018-04-06,15:07,Республика Крым,Керчь,"{7,8}"
2020-11-05,23:55,Вологодская область,Белозерск,{1}
2018-08-03,21:30,Омская область,Исилькуль,"{4,9,7}"
2020-04-05,02:50,Хабаровский край,Вяземский,"{4,1}"
2019-10-30,16:26,Камчатский край,Петропавловск-Камчатский,"{2,7}"
2019-03-08,14:35,Республика Башкортостан,Октябрьский,"{6,10,1}"
2019-10-26,07:11,Республика Марий Эл,Йошкар-Ола,"{4,9,7}"
2018-01-08,04:49,Мурманская область,Мурманск,{7}
2018-05-23,03:05,Калужская область,Козельск,{5}
2020-02-16,04:07,Иркутская область,Усть-Илимск,{1}
2020-09-19,21:22,Еврейская АО,Облучье,{6}
2020-01-19,20:36,Республика Дагестан,Кизляр,{6}
2020-02-10,02:03,Курганская область,Катайск,{3}
2018-10-20,08:40,Архангельская область,Новодвинск,"{8,5,1}"
2020-10-26,06:59,Хабаровский край,Николаевск-на-Амуре,"{1,7}"
2019-09-12,22:01,Кемеровская область,Берёзовский,"{4,8,9}"
2020-10-30,22:26,Сахалинская область,Долинск,"{1,4}"
2018-03-31,05:01,Санкт-Петербург,Пушкин,{6}
2018-04-21,22:03,Вологодская область,Красавино,{9}
2018-08-17,13:04,Карачаево-Черкесия,Карачаевск,{7}
2020-03-24,00:32,Вологодская область,Кадников,{5}
2020-12-20,12:30,Сахалинская область,Шахтёрск,"{9,5,7}"
2018-12-01,08:30,Камчатский край,Петропавловск-Камчатский,"{5,6}"
2019-09-19,19:43,Забайкальский край,Балей,{2}
2019-11-28,09:38,Карачаево-Черкесия,Карачаевск,"{5,9,3}"
2019-07-18,02:39,Кировская область,Орлов,"{6,7,1}"
2018-12-24,07:46,Липецкая область,Чаплыгин,{9}
2019-02-27,05:02,Иркутская область,Алзамай,"{6,9,5}"
2020-03-13,01:41,Иркутская область,Киренск,{9}
2019-11-20,02:32,Магаданская область,Магадан,"{2,9,8}"
2019-04-26,22:53,Республика Коми,Инта,{5}
2020-05-27,14:45,Амурская область,Шимановск,{4}
2018-02-11,22:54,Ненецкий АО,Нарьян-Мар,{8}
2018-11-10,17:48,Оренбургская область,Ясный,"{7,3}"
2020-05-01,01:16,Калужская область,Сосенский,"{5,7,6}"
2019-01-18,06:36,Кабардино-Балкария,Нальчик,"{7,9}"
2019-02-05,02:29,Забайкальский край,Могоча,"{7,4}"
2019-05-09,09:14,Тамбовская область,Жердевка,{1}
2020-07-02,17:29,Липецкая область,Лебедянь,"{5,7,2}"
2018-06-20,20:49,Кемеровская область,Топки,"{7,5}"
2019-10-01,16:59,Рязанская область,Касимов,"{9,3,7}"
2020-11-20,14:26,Костромская область,Волгореченск,"{6,2}"
2019-08-22,14:01,Приморский край,Арсеньев,"{7,1}"
2019-03-20,03:39,Чукотский АО,Певек,"{4,7,8}"
2019-04-26,13:49,Республика Саха (Якутия),Удачный,{1}
2019-01-27,17:09,Свердловская область,Артёмовский,"{5,9,6}"
2018-03-16,15:25,Еврейская АО,Биробиджан,"{6,5,9}"
2018-02-28,10:20,Иркутская область,Бирюсинск,"{1,3}"
2019-02-16,00:58,Республика Саха (Якутия),Якутск,"{9,7}"
2019-04-18,13:52,Республика Игушетия,Назрань,{3}
2020-10-28,09:40,Республика Тыва,Чадан,{2}
2019-12-31,05:57,Красноярский край,Боготол,"{4,8,7}"
2018-05-29,20:19,Ханты-Мансийский АО,Югорск,{8}
2019-04-01,06:21,Чукотский АО,Анадырь,{5}
2018-02-12,15:54,Алтайский край,Камень-на-Оби,{10}
2020-01-02,17:52,Иркутская область,Бирюсинск,{4}
2019-08-17,00:16,Брянская область,Сураж,"{10,9}"
2020-07-11,01:51,Калужская область,Жиздра,{3}
2020-02-19,08:08,Москва,Щербинка,"{2,5,8}"
2020-05-16,14:50,Свердловская область,Нижний Тагил,"{4,3,1}"
2018-07-06,10:53,Курская область,Щигры,{10}
2018-11-20,13:22,Камчатский край,Вилючинск,"{4,10}"
2018-03-26,13:29,Ставропольский край,Пятигорск,"{7,10}"
2020-04-02,00:04,Камчатский край,Елизово,{7}
2020-09-09,16:32,Смоленская область,Гагарин,"{6,7,5}"
2020-06-21,02:00,Республика Крым,Алушта,"{3,6}"
2018-09-08,03:15,Краснодарский край,Ейск,{6}
2020-03-31,17:26,Самарская область,Новокуйбышевск,"{4,1}"
2019-12-15,14:12,Смоленская область,Духовщина,"{9,7,3}"
2018-06-01,07:30,Псковская область,Остров,"{9,8}"
2019-08-09,08:05,Орловская область,Болхов,{2}
2020-04-23,02:43,Белгородская область,Старый Оскол,{4}
2020-02-01,11:21,Чукотский АО,Билибино,"{10,2,7}"
2018-04-10,10:06,Свердловская область,Новая Ляля,{10}
2018-10-06,07:02,Кировская область,Кирс,{5}
2019-01-10,02:47,Республика Бурятия,Бабушкин,"{9,5,1}"
2018-02-21,17:14,Тюменская область,Тюмень,"{10,3,7}"
2020-09-17,20:52,Орловская область,Мценск,{5}
2020-02-26,13:17,Архангельская область,Северодвинск,"{5,10}"
2018-08-26,04:48,Еврейская АО,Облучье,"{8,6}"
2020-06-04,19:25,Республика Крым,Старый Республика Крым,{7}
2020-11-10,20:36,Чукотский АО,Анадырь,{10}
2020-08-21,10:43,Калининградская область,Балтийск,{3}
2020-07-22,21:14,Вологодская область,Харовск,"{1,8}"
2020-12-28,03:54,Карачаево-Черкесия,Карачаевск,"{3,9,10}"
2019-03-23,02:02,Вологодская область,Бабаево,"{2,6,1}"
2019-05-17,22:33,Удмуртская Республика,Сарапул,"{8,7}"
2020-07-13,22:20,Костромская область,Буй,{3}
2019-04-30,21:26,Республика Тыва,Кызыл,{6}
2019-11-22,09:37,Ростовская область,Ростов-на-Дону,{6}
2019-02-08,05:51,Волгоградская область,Михайловка,"{9,10}"
2019-09-09,00:29,Республика Марий Эл,Звенигово,{5}
2018-09-25,02:29,Вологодская область,Белозерск,{6}
2018-01-12,02:21,Ненецкий АО,Нарьян-Мар,"{3,1}"
2020-06-10,15:44,Томская область,Колпашево,{2}
2019-12-26,03:21,Севастополь,Севастополь,"{3,10}"
2019-12-07,01:48,Республика Коми,Вуктыл,"{8,9}"
2020-01-17,16:21,Свердловская область,Верхотурье,{9}
2020-05-14,07:40,Республика Карелия,Петрозаводск,{1}
2018-03-21,23:17,Республика Мордовия,Саранск,"{6,9,4}"
2018-10-09,08:15,Республика Адыгея,Адыгейск,"{8,4,3}"
2019-04-27,15:33,Волгоградская область,Суровикино,{10}
2019-12-26,06:50,Орловская область,Мценск,{1}
2020-06-16,03:48,Еврейская АО,Облучье,"{4,9,7}"
2020-09-29,07:39,Ямало-Ненецкий АО,Салехард,{5}
2020-05-17,22:59,Омская область,Исилькуль,{6}
2018-01-06,20:30,Забайкальский край,Сретенск,{8}
2018-02-18,21:02,Республика Марий Эл,Козьмодемьянск,{9}
2018-10-07,05:51,Саратовская область,Аткарск,"{9,8}"
2020-11-29,07:52,Ненецкий АО,Нарьян-Мар,"{8,7}"
2020-01-17,16:42,Ленинградская область,Сясьстрой,{2}
2018-04-05,18:25,Республика Башкортостан,Белебей,{2}
2018-05-14,07:44,Республика Калмыкия,Лагань,"{5,2}"
2019-04-28,21:06,Омская область,Тара,{8}
2018-03-22,16:08,Белгородская область,Бирюч,"{2,10,8}"
2018-05-17,06:31,Забайкальский край,Борзя,"{7,3,10}"
2018-08-24,01:42,Ленинградская область,Бокситогорск,"{10,4,8}"
2020-07-09,22:52,Краснодарский край,Белореченск,"{5,10,8}"
2020-03-22,08:55,Тамбовская область,Котовск,{7}
2020-08-30,00:41,Сахалинская область,Холмск,"{1,2}"
2020-01-24,08:50,Тюменская область,Ишим,"{8,1}"
2020-01-11,12:01,Калужская область,Людиново,{8}
2018-08-10,10:34,Удмуртская Республика,Сарапул,"{6,3}"
2019-02-08,19:11,Республика Карелия,Сортавала,"{10,9}"
2020-08-05,17:15,Мурманская область,Полярные Зори,"{2,10,5}"
2019-02-14,02:02,Тульская область,Липки,"{5,10}"
2020-01-12,11:54,Владимирская область,Собинка,"{6,1}"
2020-04-04,05:59,Вологодская область,Харовск,"{1,4,10}"
2018-06-02,18:30,Московская область,Чехов,"{9,5}"
2020-03-06,04:09,Вологодская область,Никольск,"{8,3}"
2019-11-03,11:28,Республика Алтай,Горно-Алтайск,"{6,9}"
2019-06-22,19:06,Еврейская АО,Облучье,"{4,10,1}"
2019-06-02,15:09,Вологодская область,Сокол,{9}
2019-12-24,17:23,Псковская область,Невель,"{3,1}"
2019-08-21,06:08,Чукотский АО,Певек,{5}
2020-02-22,22:45,Владимирская область,Муром,{3}
2019-05-12,16:34,Кировская область,Советск,"{1,10}"
2019-07-23,10:22,Кабардино-Балкария,Нальчик,"{1,8,7}"
2018-04-22,10:05,Курганская область,Далматово,"{4,6}"
2018-08-11,08:55,Ханты-Мансийский АО,Нефтеюганск,"{6,1}"
2018-09-27,15:22,Республика Игушетия,Магас,"{4,8,10}"
2020-12-26,20:55,Приморский край,Находка,"{8,5}"
2019-06-15,14:09,Карачаево-Черкесия,Черкесск,{1}
2020-05-06,13:05,Орловская область,Малоархангельск,"{8,5}"
2019-10-30,12:48,Вологодская область,Харовск,"{8,6,4}"
2019-10-03,18:17,Омская область,Исилькуль,"{4,7,2}"
2018-11-23,23:17,Томская область,Северск,"{1,6}"
2018-06-13,10:40,Тверская область,Конаково,{6}
2019-07-21,16:20,Республика Бурятия,Гусиноозёрск,{6}
2018-11-18,11:12,Ненецкий АО,Нарьян-Мар,{8}
2020-03-16,16:24,Иркутская область,Усть-Илимск,{9}
2018-04-07,19:15,Москва,Москва,{4}
2020-01-08,13:48,Самарская область,Чапаевск,"{10,5,2}"
2018-06-17,03:15,Липецкая область,Липецк,{7}
2020-03-18,20:53,Алтайский край,Горняк,"{4,6}"
2019-09-03,14:58,Мурманская область,Полярный,"{6,10}"
2019-06-17,02:54,Республика Дагестан,Махачкала,"{8,9,2}"
2018-06-14,17:54,Чукотский АО,Билибино,"{1,2,10}"
2018-08-18,05:26,Республика Карелия,Пудож,"{10,9,7}"
2020-11-25,08:20,Алтайский край,Барнаул,{3}
2019-12-27,22:35,Республика Бурятия,Улан-Удэ,"{6,2,9}"
2019-12-07,05:05,Республика Хакасия,Саяногорск,"{5,4}"
2018-03-26,05:11,Севастополь,Севастополь,{10}
2018-01-27,11:05,Новгородская область,Малая Вишера,"{1,8,7}"
2019-10-29,22:11,Ульяновская область,Инза,{8}
2018-08-25,12:33,Курганская область,Курган,"{2,5}"
2019-08-10,07:37,Республика Крым,Алупка,{6}
2020-08-06,14:01,Московская область,Электросталь,{10}
2019-02-19,08:04,Камчатский край,Елизово,{5}
2018-06-08,16:38,Тверская область,Удомля,"{9,3}"
2020-09-13,00:34,Орловская область,Дмитровск,"{9,6,4}"
2018-05-05,07:08,Калининградская область,Балтийск,"{1,9}"
2019-10-11,08:37,Кемеровская область,Гурьевск,"{2,6,4}"
2019-07-11,14:53,Ставропольский край,Будённовск,"{7,9}"
2020-10-03,23:16,Республика Тыва,Ак-Довурак,"{2,1,9}"
2019-11-25,02:56,Владимирская область,Собинка,{1}
2019-10-30,08:50,Амурская область,Белогорск,"{9,6}"
2018-12-29,10:05,Владимирская область,Вязники,"{9,10,1}"
2020-11-01,18:29,Сахалинская область,Северо-Курильск,"{7,5,3}"
2020-06-09,05:18,Республика Чечня,Гудермес,{6}
2020-11-13,16:56,Пензенская область,Белинский,"{1,4}"
2020-01-23,07:15,Республика Хакасия,Абакан,"{8,6}"
2018-03-06,13:46,Тверская область,Кашин,"{4,8,6}"
2018-11-10,17:47,Республика Игушетия,Карабулак,"{4,3}"
2018-02-17,10:32,Забайкальский край,Борзя,{3}
2020-03-02,04:24,Пензенская область,Никольск,"{7,3,6}"
2020-08-20,02:30,Архангельская область,Архангельск,"{7,8}"
2019-08-08,07:39,Камчатский край,Петропавловск-Камчатский,"{3,5,7}"
2019-08-09,16:43,Смоленская область,Гагарин,"{2,7}"
2020-03-03,11:32,Тюменская область,Заводоуковск,{2}
2020-07-22,13:31,Саратовская область,Красный Кут,{5}
2020-10-05,13:54,Курганская область,Куртамыш,{2}
2019-07-07,03:51,Московская область,Протвино,"{6,10}"
2020-07-10,02:08,Республика Тыва,Шагонар,{10}
2019-01-29,19:37,Республика Бурятия,Улан-Удэ,"{2,10,5}"
2018-06-24,06:45,Воронежская область,Россошь,"{9,6}"
2019-03-19,03:39,Республика Алтай,Горно-Алтайск,"{4,7,10}"
2018-08-14,02:52,Ярославская область,Углич,"{6,1}"
2020-09-29,10:17,Мурманская область,Североморск,"{3,6,2}"
2018-05-09,01:06,Саратовская область,Энгельс,"{5,6}"
2019-03-15,05:27,Республика Алтай,Горно-Алтайск,{5}
2020-05-07,23:31,Курганская область,Катайск,"{8,5,6}"
2018-01-06,23:01,Республика Башкортостан,Баймак,"{6,8}"
2019-02-14,22:35,Магаданская область,Магадан,"{2,5,3}"
2018-09-03,18:29,Республика Северная Осетия - Алания,Беслан,"{10,9}"
2020-06-16,19:02,Калужская область,Медынь,"{3,7,1}"
2018-05-16,09:46,Рязанская область,Новомичуринск,{10}
2019-01-02,01:13,Республика Башкортостан,Мелеуз,"{8,3}"
2018-02-25,13:52,Белгородская область,Белгород,"{2,8,6}"
2018-10-09,02:38,Республика Мордовия,Саранск,"{2,7}"
2020-11-03,09:56,Самарская область,Жигулёвск,"{6,7}"
2020-10-28,00:44,Свердловская область,Краснотурьинск,{2}
2020-10-10,16:53,Республика Дагестан,Кизляр,"{7,3}"
2018-11-23,15:13,Забайкальский край,Нерчинск,"{7,1,10}"
2018-03-06,07:26,Еврейская АО,Облучье,"{8,10}"
2019-07-08,21:12,Нижегородская область,Ворсма,"{1,6}"
2019-05-27,11:04,Оренбургская область,Гай,{8}
2018-12-04,20:15,Иркутская область,Байкальск,"{9,5}"
2020-03-27,06:04,Республика Северная Осетия - Алания,Дигора,{8}
2020-07-31,14:10,Свердловская область,Ревда,"{9,2}"
2018-12-03,11:14,Карачаево-Черкесия,Усть-Джегута,"{4,7,3}"
2020-10-03,04:39,Саратовская область,Балашов,"{1,7,6}"
2019-08-03,17:52,Ставропольский край,Георгиевск,"{6,3}"
2020-01-30,19:03,Республика Марий Эл,Волжск,{2}
2018-10-09,09:15,Новосибирская область,Купино,{6}
2019-12-16,11:11,Республика Бурятия,Бабушкин,"{6,3}"
2020-09-18,14:25,Белгородская область,Белгород,"{3,8,10}"
2020-08-20,13:53,Республика Северная Осетия - Алания,Алагир,"{3,6}"
2020-02-18,05:34,Пензенская область,Никольск,"{9,3}"
2018-11-24,11:55,Республика Карелия,Пудож,"{3,5}"
2019-11-06,06:36,Чувашская Республика,Шумерля,{2}
2018-03-29,04:09,Республика Алтай,Горно-Алтайск,{3}
2020-12-24,15:32,Орловская область,Мценск,{3}
2020-01-02,09:21,Республика Чечня,Гудермес,"{5,3,6}"
2019-08-05,01:21,Амурская область,Тында,{1}
2018-03-31,19:03,Республика Игушетия,Назрань,{6}
2018-10-13,16:04,Тюменская область,Ишим,{10}
2019-01-17,13:08,Красноярский край,Кодинск,{10}
2018-05-05,21:34,Вологодская область,Вытегра,"{5,3,2}"
2019-05-03,22:14,Камчатский край,Петропавловск-Камчатский,{5}
2019-11-19,04:30,Республика Башкортостан,Белорецк,{4}
2020-12-08,08:35,Ненецкий АО,Нарьян-Мар,"{9,7}"
2019-08-22,17:53,Забайкальский край,Шилка,"{5,2}"
2020-01-27,18:49,Забайкальский край,Хилок,"{4,8,5}"
2020-08-30,01:48,Смоленская область,Гагарин,"{9,8}"
2019-08-04,03:16,Калужская область,Белоусово,"{7,3}"
2020-04-24,13:13,Тверская область,Зубцов,{8}
2018-07-31,11:27,Республика Дагестан,Избербаш,{9}
2019-09-16,09:49,Республика Коми,Инта,"{10,1,9}"
2018-08-19,17:50,Саратовская область,Аткарск,"{2,6}"
2018-10-11,10:02,Орловская область,Орёл,"{1,2,7}"
2020-10-22,16:55,Нижегородская область,Богородск,{7}
2018-02-15,19:11,Республика Коми,Сосногорск,{5}
2019-12-25,00:06,Республика Хакасия,Черногорск,"{2,1,6}"
2020-08-11,13:06,Санкт-Петербург,Ломоносов,"{7,8,5}"
2019-04-30,11:51,Вологодская область,Кириллов,{10}
2019-09-09,23:54,Республика Саха (Якутия),Олёкминск,"{4,10}"
2018-11-23,23:49,Ростовская область,Морозовск,"{3,1,6}"
2020-09-01,07:43,Санкт-Петербург,Павловск,"{10,6}"
2020-04-10,06:21,Орловская область,Ливны,"{7,10}"
2020-09-15,16:13,Республика Саха (Якутия),Якутск,"{2,5,3}"
2018-11-11,20:51,Ивановская область,Заволжск,"{4,9,6}"
2019-12-20,21:47,Брянская область,Клинцы,"{7,9}"
2019-05-13,00:50,Кабардино-Балкария,Нальчик,{7}
2019-11-28,06:31,Пермский край,Оханск,"{7,1}"
2018-07-20,18:17,Республика Адыгея,Майкоп,"{3,10}"
2020-07-17,19:45,Удмуртская Республика,Воткинск,"{9,7}"
2018-12-14,12:47,Ленинградская область,Высоцк,"{2,4,10}"
2020-01-15,14:38,Волгоградская область,Суровикино,"{5,1,6}"
2020-07-24,07:49,Республика Игушетия,Магас,"{8,6}"
2019-03-11,11:23,Краснодарский край,Гулькевичи,{4}
2020-02-16,17:20,Республика Тыва,Туран,"{9,10}"
2020-04-19,03:21,Тамбовская область,Уварово,"{2,9}"
2019-12-07,07:19,Республика Марий Эл,Йошкар-Ола,{5}
2018-03-13,00:02,Алтайский край,Барнаул,"{9,1,5}"
2020-04-21,05:11,Астраханская область,Ахтубинск,"{5,7}"
2020-04-22,19:23,Саратовская область,Аткарск,{10}
2019-08-15,06:50,Тюменская область,Тобольск,"{10,5,7}"
2018-10-26,14:03,Республика Коми,Воркута,"{7,5,10}"
2018-04-10,09:39,Тюменская область,Тюмень,"{8,10}"
2018-04-21,10:02,Республика Мордовия,Саранск,"{3,1,9}"
2019-03-15,10:37,Пермский край,Горнозаводск,{9}
2020-08-18,12:04,Ульяновская область,Сенгилей,"{10,3,6}"
2020-11-26,17:24,Ямало-Ненецкий АО,Тарко-Сале,"{7,1,4}"
2018-12-13,11:38,Ярославская область,Мышкин,"{7,6}"
2018-03-17,01:28,Кабардино-Балкария,Нарткала,"{10,1,3}"
2018-07-13,00:18,Новосибирская область,Чулым,"{2,3,10}"
2019-08-19,11:21,Брянская область,Клинцы,"{4,3}"
2020-03-02,10:14,Республика Мордовия,Саранск,"{7,2}"
2019-02-16,16:08,Республика Адыгея,Майкоп,{7}
2019-07-17,18:21,Владимирская область,Муром,{2}
2019-08-21,14:11,Пермский край,Красновишерск,{10}
2018-11-02,23:00,Орловская область,Орёл,"{6,2,10}"
2020-10-13,07:33,Республика Татарстан,Лениногорск,"{4,9,10}"
2018-01-12,15:47,Ульяновская область,Инза,"{2,9}"
2019-11-08,04:59,Республика Тыва,Чадан,"{2,3}"
2018-10-09,04:28,Ямало-Ненецкий АО,Надым,{10}
2020-06-15,12:11,Алтайский край,Камень-на-Оби,{7}
2020-10-09,16:22,Магаданская область,Магадан,{3}
2018-04-09,12:33,Ставропольский край,Лермонтов,"{4,3}"
2018-01-10,23:58,Оренбургская область,Бузулук,"{7,8}"
2018-01-06,16:50,Московская область,Наро-Фоминск,{5}
2019-11-26,04:00,Ханты-Мансийский АО,Лангепас,"{9,5,1}"
2020-02-05,20:05,Астраханская область,Камызяк,"{1,9,2}"
2018-09-13,02:03,Ивановская область,Заволжск,"{1,2}"
2020-06-13,12:50,Республика Татарстан,Мамадыш,"{2,8}"
2018-06-09,07:02,Республика Алтай,Горно-Алтайск,"{8,7,2}"
2018-09-17,13:37,Республика Алтай,Горно-Алтайск,"{10,4,3}"
2018-08-05,09:50,Ненецкий АО,Нарьян-Мар,"{2,6}"
2018-10-02,07:51,Республика Тыва,Ак-Довурак,"{9,8}"
2020-11-02,20:20,Приморский край,Дальнереченск,"{1,7}"
2019-09-20,14:07,Ставропольский край,Железноводск,"{10,3}"
2020-01-26,15:59,Владимирская область,Покров,"{9,8}"
2020-01-07,19:32,Республика Калмыкия,Лагань,"{8,7,9}"
2018-01-01,02:00,Удмуртская Республика,Сарапул,{4}
2020-07-01,14:02,Калининградская область,Гусев,{7}
2020-06-07,08:56,Приморский край,Арсеньев,{4}
2018-01-05,17:44,Томская область,Северск,{8}
2018-05-30,20:40,Томская область,Кедровый,"{3,8,5}"
2019-06-16,06:33,Псковская область,Остров,"{3,1,5}"
2019-03-05,00:22,Хабаровский край,Хабаровск,"{3,7}"
2020-12-29,17:57,Челябинская область,Еманжелинск,{6}
2020-08-03,11:27,Республика Башкортостан,Давлеканово,"{3,5}"
2020-05-27,16:58,Оренбургская область,Сорочинск,"{6,3,1}"
2018-01-16,13:07,Чувашская Республика,Ядрин,"{9,8}"
2020-03-06,14:24,Санкт-Петербург,Петергоф,{10}
2019-05-07,15:09,Ставропольский край,Пятигорск,"{6,8,7}"
2018-10-10,21:46,Курская область,Курчатов,{1}
2019-02-06,10:35,Новосибирская область,Черепаново,"{4,7,5}"
2019-05-25,20:35,Хабаровский край,Амурск,"{5,9}"
2019-10-09,01:15,Республика Марий Эл,Козьмодемьянск,{7}
2018-03-07,04:17,Архангельская область,Новодвинск,"{1,9}"
2018-08-12,08:21,Пензенская область,Никольск,"{6,1,7}"
2018-07-25,11:08,Кировская область,Белая Холуница,"{2,1}"
2018-11-17,09:30,Свердловская область,Асбест,"{2,7,3}"
2019-08-30,17:49,Псковская область,Дно,"{10,7}"
2019-07-31,13:29,Ростовская область,Цимлянск,"{10,2,7}"
2018-12-16,13:05,Тюменская область,Ишим,"{1,2,7}"
2019-02-28,03:28,Омская область,Тюкалинск,"{3,5,9}"
2019-03-03,05:23,Ненецкий АО,Нарьян-Мар,"{7,8}"
2018-05-08,18:22,Кемеровская область,Калтан,{10}
2018-07-12,23:32,Псковская область,Печоры,"{7,4,10}"
2020-10-06,14:52,Республика Марий Эл,Звенигово,{4}
2018-09-05,21:18,Брянская область,Почеп,"{1,3,9}"
2018-09-24,09:18,Тамбовская область,Моршанск,{8}
2020-12-31,09:52,Республика Башкортостан,Сибай,"{5,3}"
2020-01-17,11:23,Еврейская АО,Облучье,{10}
2018-10-29,04:11,Ямало-Ненецкий АО,Салехард,{10}
2018-02-01,19:07,Ненецкий АО,Нарьян-Мар,{7}
2019-07-10,10:28,Владимирская область,Суздаль,"{6,9,5}"
2019-04-05,00:21,Архангельская область,Няндома,"{5,8,10}"
2019-12-24,07:41,Астраханская область,Харабали,"{8,4}"
2018-08-19,10:58,Белгородская область,Строитель,"{2,4}"
2019-12-17,12:16,Красноярский край,Боготол,"{10,7}"
2018-06-04,12:18,Республика Алтай,Горно-Алтайск,"{6,4}"
2018-07-16,10:27,Вологодская область,Красавино,"{9,6,7}"
2020-12-20,08:58,Белгородская область,Грайворон,"{8,4}"
2019-06-17,18:12,Ханты-Мансийский АО,Нягань,{2}
2019-11-01,02:58,Камчатский край,Вилючинск,"{3,9}"
2018-04-09,02:51,Республика Саха (Якутия),Мирный,"{1,7,5}"
2019-12-17,20:49,Республика Алтай,Горно-Алтайск,"{6,10,5}"
2019-07-06,19:35,Калужская область,Малоярославец,{7}
2019-06-20,02:38,Амурская область,Тында,{9}
2019-01-26,12:46,Москва,Московский,{4}
2020-11-10,12:45,Новгородская область,Великий Новгород,{4}
2019-11-11,04:41,Республика Калмыкия,Лагань,"{3,2,7}"
2018-11-28,05:42,Ленинградская область,Новая Ладога,"{10,3}"
2018-05-31,06:13,Орловская область,Малоархангельск,"{3,6,2}"
2020-02-11,01:52,Амурская область,Завитинск,"{1,10}"
2019-03-01,19:28,Республика Северная Осетия - Алания,Алагир,{9}
2019-03-26,07:02,Свердловская область,Ревда,"{3,6,7}"
2020-08-16,11:37,Архангельская область,Коряжма,{5}
2018-04-27,06:04,Кировская область,Вятские Поляны,"{1,6}"
2018-12-29,07:26,Тамбовская область,Кирсанов,"{9,2,4}"
2019-03-01,16:50,Сахалинская область,Северо-Курильск,{4}
2019-12-02,00:20,Республика Северная Осетия - Алания,Моздок,"{8,2,1}"
2018-01-30,14:03,Республика Адыгея,Майкоп,{9}
2018-06-06,07:42,Республика Бурятия,Северобайкальск,"{4,10,9}"
2020-01-03,19:44,Пензенская область,Белинский,"{3,1,6}"
2019-06-17,16:31,Костромская область,Нея,{10}
2019-07-03,09:59,Ростовская область,Константиновск,"{9,3,7}"
2020-03-28,18:15,Белгородская область,Шебекино,{3}
2019-05-26,07:17,Республика Карелия,Кондопога,{1}
2020-12-03,14:58,Республика Хакасия,Абакан,"{10,5}"
2020-09-19,07:58,Калининградская область,Калининград,"{8,2,9}"
2020-09-04,16:10,Красноярский край,Лесосибирск,"{3,8}"
2018-08-15,10:35,Владимирская область,Покров,{3}
2020-05-22,20:46,Рязанская область,Спасск-Рязанский,{9}
2018-01-23,14:46,Калининградская область,Пионерский,"{10,7,2}"
2019-11-16,12:14,Московская область,Орехово-Зуево,"{3,1}"
2018-09-15,01:24,Нижегородская область,Лукоянов,"{10,7,3}"
2019-04-28,09:58,Волгоградская область,Ленинск,{3}
2020-10-27,01:34,Республика Коми,Ухта,"{1,5,2}"
2018-02-02,07:17,Ростовская область,Семикаракорск,"{6,8,2}"
2018-07-14,12:41,Псковская область,Пустошка,{8}
2018-11-05,07:41,Владимирская область,Муром,"{7,10}"
2018-05-03,03:26,Пензенская область,Сердобск,"{1,9}"
2020-08-09,09:48,Ивановская область,Тейково,"{4,10,7}"
2020-09-14,22:37,Еврейская АО,Биробиджан,"{8,6,2}"
2018-10-24,20:56,Липецкая область,Данков,{7}
2020-06-20,18:23,Самарская область,Октябрьск,"{3,2,8}"
2020-04-15,14:08,Кировская область,Луза,"{10,6}"
2018-05-09,08:04,Брянская область,Сураж,{5}
2019-02-19,08:19,Пензенская область,Каменка,"{1,7,2}"
2020-01-17,03:51,Забайкальский край,Нерчинск,"{6,7,9}"
2019-06-10,13:01,Хабаровский край,Хабаровск,"{6,2}"
2020-02-28,18:22,Нижегородская область,Нижний Новгород,"{6,5,7}"
2018-11-27,20:23,Кемеровская область,Кемерово,{3}
2020-02-04,22:43,Республика Крым,Судак,"{3,8}"
2018-05-29,16:00,Еврейская АО,Биробиджан,"{2,1,9}"
2020-09-11,14:51,Камчатский край,Вилючинск,"{2,3}"
2019-12-26,19:54,Ярославская область,Углич,{6}
2018-04-27,06:47,Севастополь,Инкерман,{5}
2018-06-12,13:12,Кемеровская область,Кемерово,{7}
2019-04-15,06:43,Воронежская область,Лиски,"{2,9,5}"
2020-07-29,12:29,Волгоградская область,Суровикино,{8}
2019-12-14,01:40,Республика Адыгея,Адыгейск,{1}
2018-02-08,23:21,Смоленская область,Вязьма,{9}
2020-04-19,21:28,Республика Дагестан,Дербент,{2}
2019-08-22,00:17,Тульская область,Суворов,"{8,7}"
2020-09-10,19:03,Нижегородская область,Кулебаки,"{4,6,10}"
2018-11-08,12:01,Хабаровский край,Комсомольск-на-Амуре,{8}
2019-03-05,18:24,Чувашская Республика,Мариинский Посад,{8}
2018-01-07,01:50,Оренбургская область,Гай,{6}
2020-02-06,09:32,Ненецкий АО,Нарьян-Мар,{2}
2019-04-06,11:19,Ямало-Ненецкий АО,Тарко-Сале,"{9,8}"
2018-07-13,04:06,Амурская область,Свободный,"{5,9,2}"
2019-03-22,20:42,Ямало-Ненецкий АО,Муравленко,"{5,10,4}"
2018-03-24,15:38,Костромская область,Макарьев,"{1,7,4}"
2019-01-31,13:40,Республика Северная Осетия - Алания,Алагир,{10}
2019-04-21,07:19,Волгоградская область,Фролово,{10}
2018-03-03,21:44,Свердловская область,Новоуральск,"{4,5,8}"
2020-09-01,00:01,Забайкальский край,Борзя,"{9,5,4}"
2020-08-20,21:54,Кировская область,Мураши,"{3,8}"
2018-10-30,02:31,Саратовская область,Балаково,"{5,8,1}"
2020-10-07,21:49,Липецкая область,Чаплыгин,"{10,2,8}"
2019-11-02,09:33,Ставропольский край,Кисловодск,"{9,7,1}"
2018-04-25,12:04,Калужская область,Спас-Деменск,"{8,3}"
2020-01-10,08:55,Тамбовская область,Кирсанов,"{8,5}"
2018-04-10,02:54,Сахалинская область,Корсаков,{4}
2020-09-13,07:17,Республика Бурятия,Кяхта,"{10,3}"
2019-07-28,11:52,Ставропольский край,Благодарный,"{10,9,1}"
2020-10-22,13:55,Смоленская область,Дорогобуж,"{8,5,1}"
2019-02-19,18:08,Камчатский край,Вилючинск,"{7,9,4}"
2018-11-23,03:06,Республика Башкортостан,Туймазы,"{1,9,3}"
2020-12-21,13:30,Брянская область,Новозыбков,{1}
2018-06-25,10:13,Чувашская Республика,Козловка,{2}
2020-08-15,22:15,Архангельская область,Коряжма,"{6,8}"
2019-07-31,10:44,Республика Бурятия,Гусиноозёрск,"{2,3,6}"
2020-06-21,04:12,Самарская область,Жигулёвск,"{8,10}"
2018-01-06,07:42,Красноярский край,Лесосибирск,{7}
2019-12-14,13:47,Республика Северная Осетия - Алания,Моздок,{10}
2019-08-22,16:46,Карачаево-Черкесия,Теберда,"{2,6,10}"
2020-11-03,21:02,Республика Мордовия,Рузаевка,{8}
2019-06-02,09:34,Тверская область,Ржев,"{7,4,1}"
2020-11-27,10:05,Республика Татарстан,Буинск,"{4,9,6}"
2020-06-27,07:17,Костромская область,Мантурово,"{8,9}"
2018-02-21,14:46,Ульяновская область,Барыш,"{5,8}"
2020-02-17,05:51,Республика Карелия,Петрозаводск,"{4,10,3}"
2020-08-03,00:07,Республика Дагестан,Махачкала,"{1,8,5}"
2018-07-03,12:53,Чувашская Республика,Мариинский Посад,"{7,6}"
2019-01-11,08:47,Республика Татарстан,Казань,"{4,10,6}"
2020-11-16,09:29,Республика Калмыкия,Элиста,"{5,9,2}"
2020-12-31,20:13,Чувашская Республика,Канаш,{8}
2020-10-01,21:28,Республика Игушетия,Карабулак,"{1,8,6}"
2019-03-05,15:11,Магаданская область,Сусуман,{5}
2020-09-01,01:27,Чувашская Республика,Алатырь,{1}
2018-06-25,17:00,Амурская область,Свободный,"{7,10,3}"
2019-03-11,05:32,Республика Алтай,Горно-Алтайск,"{6,5,7}"
2019-10-25,10:29,Новгородская область,Пестово,"{5,4}"
2019-07-08,13:11,Брянская область,Новозыбков,"{6,7,3}"
2019-01-24,09:08,Ханты-Мансийский АО,Лянтор,"{3,4,7}"
2018-11-21,09:08,Республика Крым,Белогорск,{2}
2020-02-27,20:04,Иркутская область,Железногорск-Илимский,"{9,7}"
2018-10-14,16:18,Кемеровская область,Новокузнецк,"{2,10}"
2020-02-07,08:40,Москва,Троицк,"{7,3,1}"
2020-12-06,06:16,Ленинградская область,Сланцы,"{6,3,4}"
2020-08-17,08:29,Амурская область,Зея,{5}
2020-06-30,23:57,Ненецкий АО,Нарьян-Мар,"{10,4}"
2019-06-09,16:40,Пензенская область,Сурск,"{6,2}"
2019-05-10,02:08,Республика Калмыкия,Городовиковск,"{6,5,2}"
2018-04-11,23:37,Чувашская Республика,Цивильск,{7}
2019-06-15,14:18,Республика Алтай,Горно-Алтайск,"{2,9}"
2018-03-03,11:40,Кабардино-Балкария,Тырныауз,{6}
2019-07-24,20:47,Ленинградская область,Приозерск,"{10,7}"
2019-05-29,22:08,Курская область,Фатеж,"{1,8}"
2020-11-24,11:59,Пензенская область,Кузнецк,{7}
2018-02-11,09:05,Тульская область,Ясногорск,"{2,8}"
2019-05-30,20:07,Севастополь,Инкерман,"{9,1}"
2018-12-07,12:31,Новгородская область,Пестово,"{2,9,4}"
2020-12-02,09:07,Республика Тыва,Шагонар,{2}
2018-09-05,09:54,Владимирская область,Покров,{4}
2018-10-17,13:42,Республика Коми,Вуктыл,"{5,7}"
2018-11-04,02:01,Тамбовская область,Кирсанов,"{3,9,4}"
2018-01-18,20:40,Волгоградская область,Урюпинск,{7}
2019-01-07,22:52,Красноярский край,Канск,"{8,10}"
2020-02-08,23:14,Иркутская область,Бирюсинск,"{6,7}"
2019-05-20,18:25,Оренбургская область,Бугуруслан,{3}
2018-05-15,20:25,Ставропольский край,Новоалександровск,{5}
2018-08-07,21:19,Новосибирская область,Черепаново,{5}
2019-09-20,08:12,Тюменская область,Заводоуковск,"{3,9,10}"
2020-08-07,22:00,Омская область,Тара,"{10,3}"
2018-04-11,05:33,Ямало-Ненецкий АО,Ноябрьск,"{3,7,1}"
2018-10-23,11:15,Чувашская Республика,Чебоксары,"{6,9}"
2020-11-07,04:08,Пензенская область,Нижний Ломов,"{4,7}"
2020-11-23,19:37,Архангельская область,Мезень,"{6,2}"
2018-08-30,01:56,Удмуртская Республика,Глазов,"{3,10,1}"
2020-09-12,02:01,Мурманская область,Кандалакша,"{9,1,3}"
2018-11-20,17:22,Томская область,Кедровый,"{1,3,10}"
2020-08-07,10:38,Мурманская область,Кировск,"{10,5}"
2020-10-05,07:54,Кемеровская область,Гурьевск,"{7,4}"
2019-08-26,13:06,Республика Мордовия,Рузаевка,"{5,9}"
2018-04-08,05:23,Тульская область,Липки,{1}
2019-07-29,16:54,Сахалинская область,Долинск,"{3,4,2}"
2020-05-06,15:55,Республика Дагестан,Республика Дагестанские Огни,{10}
2019-09-21,10:04,Хабаровский край,Бикин,{1}
2019-02-08,17:51,Смоленская область,Велиж,{8}
2018-02-05,03:17,Вологодская область,Великий Устюг,"{7,3}"
2019-10-19,09:49,Костромская область,Солигалич,"{9,2}"
2018-03-15,05:33,Камчатский край,Елизово,"{9,2,6}"
2020-05-10,01:12,Республика Северная Осетия - Алания,Моздок,{5}
2020-05-28,09:57,Псковская область,Опочка,"{3,9}"
2019-10-05,13:41,Калининградская область,Пионерский,"{4,1,3}"
2018-06-24,02:10,Кабардино-Балкария,Прохладный,"{1,4,10}"
2018-05-16,20:15,Республика Алтай,Горно-Алтайск,"{7,5}"
2019-11-19,07:46,Белгородская область,Короча,"{7,4}"
2018-01-31,18:08,Новгородская область,Окуловка,"{6,10}"
2020-07-27,14:33,Белгородская область,Валуйки,"{5,3,9}"
2020-02-18,10:38,Свердловская область,Нижняя Салда,{7}
2018-02-16,20:25,Кировская область,Луза,{9}
2019-08-04,07:40,Карачаево-Черкесия,Карачаевск,{2}
2019-10-05,15:58,Мурманская область,Заозёрск,"{4,1,7}"
2020-06-27,18:08,Ярославская область,Углич,{3}
2018-09-15,17:14,Самарская область,Кинель,"{10,4,9}"
2018-01-29,04:58,Тюменская область,Тюмень,{10}
2019-12-17,13:03,Сахалинская область,Поронайск,"{9,4,1}"
2020-07-07,01:07,Чукотский АО,Билибино,"{6,5}"
2019-11-04,21:34,Забайкальский край,Борзя,{2}
2020-08-10,19:32,Омская область,Тюкалинск,"{9,7,2}"
2019-07-11,10:14,Саратовская область,Энгельс,{5}
2020-01-25,21:52,Томская область,Томск,"{6,9}"
2018-06-07,02:33,Карачаево-Черкесия,Черкесск,"{7,9}"
2020-12-18,17:33,Хабаровский край,Николаевск-на-Амуре,{1}
2018-02-13,00:53,Ивановская область,Заволжск,{1}
2019-04-14,13:00,Еврейская АО,Биробиджан,"{1,4,5}"
2020-12-06,04:53,Пензенская область,Нижний Ломов,"{10,8,6}"
2018-03-21,00:45,Новгородская область,Старая Русса,{10}
2020-03-09,22:38,Республика Адыгея,Адыгейск,"{5,7}"
2018-03-29,02:29,Нижегородская область,Городец,"{9,6,1}"
2019-10-29,21:26,Вологодская область,Никольск,"{8,2,7}"
2019-03-27,00:32,Ставропольский край,Светлоград,{7}
2018-04-13,14:53,Кемеровская область,Кемерово,"{2,10,5}"
2019-04-24,04:30,Республика Хакасия,Саяногорск,"{3,7}"
2020-01-07,01:06,Республика Бурятия,Северобайкальск,"{2,5,4}"
2018-10-11,06:10,Республика Хакасия,Черногорск,{10}
2020-12-02,22:55,Липецкая область,Елец,"{6,3,1}"
2020-06-28,20:26,Республика Калмыкия,Лагань,"{2,6,7}"
2019-02-22,09:38,Ростовская область,Морозовск,"{7,9}"
2020-12-28,06:41,Воронежская область,Воронеж,"{4,6,1}"
2018-11-17,13:53,Ульяновская область,Новоульяновск,{4}
2019-01-05,16:49,Рязанская область,Касимов,"{2,1}"
2019-09-10,17:00,Новосибирская область,Обь,{5}
2018-04-04,08:35,Оренбургская область,Орск,"{3,5,8}"
2020-06-02,05:25,Псковская область,Великие Луки,{3}
2018-11-18,04:32,Кабардино-Балкария,Нальчик,"{9,5,3}"
2019-06-25,07:48,Оренбургская область,Новотроицк,"{8,5,2}"
2020-08-07,07:33,Республика Коми,Сосногорск,"{1,7}"
2018-07-22,16:33,Рязанская область,Новомичуринск,{4}
2019-08-04,19:08,Челябинская область,Аша,"{4,8,3}"
2020-04-11,07:15,Еврейская АО,Облучье,"{6,1}"
2019-08-11,08:44,Воронежская область,Лиски,"{8,5,3}"
2018-03-14,03:02,Удмуртская Республика,Сарапул,"{7,9,6}"
2019-11-23,02:13,Смоленская область,Рудня,"{10,7}"
2019-04-22,12:26,Москва,Московский,{1}
2020-07-08,14:45,Калининградская область,Багратионовск,"{7,5}"
2018-08-14,11:46,Республика Карелия,Олонец,{1}
2018-08-13,15:01,Орловская область,Ливны,"{8,7}"
2020-01-01,18:52,Республика Дагестан,Южно-Сухокумск,{4}
2019-11-21,10:21,Ивановская область,Вичуга,"{10,8,3}"
2020-10-09,22:29,Республика Бурятия,Кяхта,{4}
2019-02-22,05:57,Ростовская область,Морозовск,{8}
2020-01-25,13:16,Ненецкий АО,Нарьян-Мар,{9}
2020-04-26,02:57,Курская область,Дмитриев,"{1,10,4}"
2019-12-28,14:02,Республика Игушетия,Назрань,"{2,1}"
2018-02-25,17:02,Вологодская область,Харовск,{3}
2018-03-29,21:06,Ямало-Ненецкий АО,Муравленко,"{3,4,2}"
2020-06-21,22:30,Челябинская область,Златоуст,{9}
2020-04-21,10:36,Томская область,Северск,{6}
2019-10-09,23:10,Республика Башкортостан,Мелеуз,{1}
2019-09-09,23:42,Нижегородская область,Ворсма,"{4,6}"
2018-09-07,22:39,Республика Коми,Сыктывкар,"{9,3,2}"
2018-05-25,17:02,Краснодарский край,Гулькевичи,"{6,4,5}"
2018-11-13,18:25,Калининградская область,Краснознаменск,"{5,10,7}"
2020-06-13,06:45,Челябинская область,Аша,{9}
2018-06-16,08:30,Республика Марий Эл,Козьмодемьянск,"{1,2,9}"
2019-11-11,09:15,Смоленская область,Дорогобуж,{4}
2020-01-12,11:28,Тамбовская область,Кирсанов,"{8,4}"
2020-02-20,04:10,Республика Мордовия,Темников,"{4,7}"
2018-01-15,20:53,Иркутская область,Братск,{8}
2019-07-27,15:29,Московская область,Одинцово,{8}
2020-09-10,04:08,Алтайский край,Рубцовск,"{9,7}"
2018-12-31,18:56,Хабаровский край,Николаевск-на-Амуре,"{7,3}"
2019-03-12,23:21,Ярославская область,Данилов,{6}
2019-12-28,11:55,Липецкая область,Лебедянь,"{7,2,4}"
2018-07-07,01:07,Ненецкий АО,Нарьян-Мар,"{9,7}"
2020-06-21,17:00,Рязанская область,Спасск-Рязанский,"{10,2}"
2018-10-04,21:01,Республика Алтай,Горно-Алтайск,"{8,9,10}"
2019-04-02,02:30,Астраханская область,Нариманов,"{6,2}"
2019-06-14,02:38,Республика Хакасия,Абаза,"{8,3,9}"
2019-05-27,19:13,Тверская область,Калязин,"{10,3,2}"
2020-03-03,22:21,Иркутская область,Вихоревка,"{2,8,4}"
2020-07-07,00:01,Сахалинская область,Оха,{2}
2018-03-09,03:08,Пензенская область,Пенза,"{2,4,1}"
2019-02-12,17:31,Республика Дагестан,Каспийск,"{8,5}"
